{"loss": 2.4451024673688107, "lr": 0.001, "_timestamp": 1686816627.155915, "eval_acc": 0.09249239414930344, "_runtime": 360.4779579639435, "_step": 80, "_wandb": {"runtime": 357}}